,GameDate,GameID,HomeTeam,AwayTeam,PitcherName,PitcherThrows,PitcherTeam,BatterName,BatterSide,BatterTeam,Inning,TopBottom,InningBatterCount,AfterOutCount,PitchNo,BallCount,StrikeCount,RelSpeed,PitchType,PosX,PosY,Event,VertCut,HorzCut,ZoneNum,ZoneName
0,2019-04-06,2019040604,日本ハム,西武,加藤 貴之,左,日本ハム,金子 侑司,右,西武,1,1,1,0,1,0,0,129,ストレート,90.0,50.8,ボール,3,5,15,B9
1,2019-04-06,2019040604,日本ハム,西武,加藤 貴之,左,日本ハム,金子 侑司,右,西武,1,1,1,0,2,1,0,130,ストレート,73.0,46.4,ファウル,3,4,14,S6
2,2019-04-06,2019040604,日本ハム,西武,加藤 貴之,左,日本ハム,金子 侑司,右,西武,1,1,1,0,3,1,1,133,ストレート,51.5,47.2,ファウル,3,3,13,S5
3,2019-04-06,2019040604,日本ハム,西武,加藤 貴之,左,日本ハム,金子 侑司,右,西武,1,1,1,0,4,1,2,127,フォーク,51.5,91.6,中安,5,3,23,B17
4,2019-04-06,2019040604,日本ハム,西武,加藤 貴之,左,日本ハム,源田 壮亮,左,西武,1,1,2,1,1,0,0,134,ストレート,47.0,29.6,見逃し,2,3,8,S2
5,2019-04-06,2019040604,日本ハム,西武,加藤 貴之,左,日本ハム,源田 壮亮,左,西武,1,1,2,1,2,0,1,134,ストレート,66.5,32.4,三ゴロ,2,4,9,S3
6,2019-04-06,2019040604,日本ハム,西武,加藤 貴之,左,日本ハム,秋山 翔吾,左,西武,1,1,3,3,1,0,0,116,スライダー,12.5,70.0,ボール,4,1,16,B10
7,2019-04-06,2019040604,日本ハム,西武,加藤 貴之,左,日本ハム,秋山 翔吾,左,西武,1,1,3,3,2,1,0,133,ストレート,66.5,73.2,見逃し,4,4,19,S9
8,2019-04-06,2019040604,日本ハム,西武,加藤 貴之,左,日本ハム,秋山 翔吾,左,西武,1,1,3,3,3,1,1,134,ストレート,66.5,66.0,見逃し,4,4,19,S9
9,2019-04-06,2019040604,日本ハム,西武,加藤 貴之,左,日本ハム,秋山 翔吾,左,西武,1,1,3,3,4,1,2,135,ストレート,16.5,65.2,ボール,4,1,16,B10
10,2019-04-06,2019040604,日本ハム,西武,加藤 貴之,左,日本ハム,秋山 翔吾,左,西武,1,1,3,3,5,2,2,128,フォーク,46.5,91.2,空三振,5,3,23,B17
11,2019-04-06,2019040604,日本ハム,西武,今井 達也,右,西武,西川 遥輝,左,日本ハム,1,2,1,0,1,0,0,143,ストレート,74.5,52.0,ファウル,3,4,14,S6
12,2019-04-06,2019040604,日本ハム,西武,今井 達也,右,西武,西川 遥輝,左,日本ハム,1,2,1,0,2,0,1,144,ストレート,87.5,70.8,ボール,4,5,20,B11
13,2019-04-06,2019040604,日本ハム,西武,今井 達也,右,西武,西川 遥輝,左,日本ハム,1,2,1,0,3,1,1,144,ストレート,28.0,43.6,ファウル,3,2,12,S4
14,2019-04-06,2019040604,日本ハム,西武,今井 達也,右,西武,西川 遥輝,左,日本ハム,1,2,1,0,4,1,2,110,カーブ,55.0,92.0,ボール,5,3,23,B17
15,2019-04-06,2019040604,日本ハム,西武,今井 達也,右,西武,西川 遥輝,左,日本ハム,1,2,1,0,5,2,2,130,スライダー,66.0,51.6,ファウル,3,4,14,S6
16,2019-04-06,2019040604,日本ハム,西武,今井 達也,右,西武,西川 遥輝,左,日本ハム,1,2,1,0,6,2,3,146,ストレート,66.5,45.2,ファウル,3,4,14,S6
17,2019-04-06,2019040604,日本ハム,西武,今井 達也,右,西武,西川 遥輝,左,日本ハム,1,2,1,0,7,2,4,144,ストレート,15.5,55.6,ボール,3,1,11,B8
18,2019-04-06,2019040604,日本ハム,西武,今井 達也,右,西武,西川 遥輝,左,日本ハム,1,2,1,0,8,3,4,146,ストレート,14.0,28.4,四球,2,1,6,B6
19,2019-04-06,2019040604,日本ハム,西武,今井 達也,右,西武,大田 泰示,右,日本ハム,1,2,2,1,1,0,0,124,スライダー,73.5,70.8,空振り,4,4,19,S9
20,2019-04-06,2019040604,日本ハム,西武,今井 達也,右,西武,大田 泰示,右,日本ハム,1,2,2,1,2,0,1,125,スライダー,71.5,32.4,左安,2,4,9,S3
21,2019-04-06,2019040604,日本ハム,西武,今井 達也,右,西武,近藤 健介,左,日本ハム,1,2,3,2,1,0,0,147,ストレート,68.0,50.8,見逃し,3,4,14,S6
22,2019-04-06,2019040604,日本ハム,西武,今井 達也,右,西武,近藤 健介,左,日本ハム,1,2,3,2,2,0,1,144,ストレート,67.5,13.2,ボール,1,4,4,B4
23,2019-04-06,2019040604,日本ハム,西武,今井 達也,右,西武,近藤 健介,左,日本ハム,1,2,3,2,3,1,1,138,チェンジアップ,66.5,91.6,ボール,5,4,24,B18
24,2019-04-06,2019040604,日本ハム,西武,今井 達也,右,西武,近藤 健介,左,日本ハム,1,2,3,2,4,2,1,119,スライダー,34.5,14.8,ボール,1,2,2,B2
25,2019-04-06,2019040604,日本ハム,西武,今井 達也,右,西武,近藤 健介,左,日本ハム,1,2,3,2,5,3,1,139,チェンジアップ,29.5,91.6,投ゴロ,5,2,22,B16
26,2019-04-06,2019040604,日本ハム,西武,今井 達也,右,西武,中田 翔,右,日本ハム,1,2,4,2,1,0,0,131,スライダー,87.5,72.4,ボール,4,5,20,B11
27,2019-04-06,2019040604,日本ハム,西武,今井 達也,右,西武,中田 翔,右,日本ハム,1,2,4,2,2,1,0,148,ストレート,91.0,91.6,ボール,5,5,25,B19
28,2019-04-06,2019040604,日本ハム,西武,今井 達也,右,西武,中田 翔,右,日本ハム,1,2,4,2,3,2,0,141,ストレート,49.5,10.4,空振り,1,3,3,B3
29,2019-04-06,2019040604,日本ハム,西武,今井 達也,右,西武,中田 翔,右,日本ハム,1,2,4,2,4,2,1,145,ストレート,75.5,91.6,ボール,5,4,24,B18
30,2019-04-06,2019040604,日本ハム,西武,今井 達也,右,西武,中田 翔,右,日本ハム,1,2,4,2,5,3,1,146,ストレート,12.5,11.6,四球,1,1,1,B1
31,2019-04-06,2019040604,日本ハム,西武,今井 達也,右,西武,王 柏融,左,日本ハム,1,2,5,3,1,0,0,145,ストレート,75.0,65.2,見逃し,4,4,19,S9
32,2019-04-06,2019040604,日本ハム,西武,今井 達也,右,西武,王 柏融,左,日本ハム,1,2,5,3,2,0,1,135,チェンジアップ,14.5,68.8,二ゴロ,4,1,16,B10
33,2019-04-06,2019040604,日本ハム,西武,加藤 貴之,左,日本ハム,山川 穂高,右,西武,2,1,1,1,1,0,0,133,ストレート,94.0,51.6,ボール,3,5,15,B9
34,2019-04-06,2019040604,日本ハム,西武,加藤 貴之,左,日本ハム,山川 穂高,右,西武,2,1,1,1,2,1,0,130,ストレート,75.5,57.2,ファウル,3,4,14,S6
35,2019-04-06,2019040604,日本ハム,西武,加藤 貴之,左,日本ハム,山川 穂高,右,西武,2,1,1,1,3,1,1,128,ストレート,74.5,13.2,ボール,1,4,4,B4
36,2019-04-06,2019040604,日本ハム,西武,加藤 貴之,左,日本ハム,山川 穂高,右,西武,2,1,1,1,4,2,1,121,フォーク,76.5,26.4,見逃し,2,4,9,S3
37,2019-04-06,2019040604,日本ハム,西武,加藤 貴之,左,日本ハム,山川 穂高,右,西武,2,1,1,1,5,2,2,134,ストレート,88.0,16.0,ファウル,1,5,5,B5
38,2019-04-06,2019040604,日本ハム,西武,加藤 貴之,左,日本ハム,山川 穂高,右,西武,2,1,1,1,6,2,3,128,フォーク,53.5,91.6,空三振,5,3,23,B17
39,2019-04-06,2019040604,日本ハム,西武,加藤 貴之,左,日本ハム,森 友哉,左,西武,2,1,2,1,1,0,0,99,カーブ,76.0,7.6,ボール,1,4,4,B4
40,2019-04-06,2019040604,日本ハム,西武,加藤 貴之,左,日本ハム,森 友哉,左,西武,2,1,2,1,2,1,0,130,ストレート,89.5,27.6,ファウル,2,5,10,B7
41,2019-04-06,2019040604,日本ハム,西武,加藤 貴之,左,日本ハム,森 友哉,左,西武,2,1,2,1,3,1,1,129,ストレート,55.0,14.0,ボール,1,3,3,B3
42,2019-04-06,2019040604,日本ハム,西武,加藤 貴之,左,日本ハム,森 友哉,左,西武,2,1,2,1,4,2,1,127,フォーク,67.0,77.2,ファウル,4,4,19,S9
43,2019-04-06,2019040604,日本ハム,西武,加藤 貴之,左,日本ハム,森 友哉,左,西武,2,1,2,1,5,2,2,129,ストレート,72.5,51.2,中２,3,4,14,S6
44,2019-04-06,2019040604,日本ハム,西武,加藤 貴之,左,日本ハム,外崎 修汰,右,西武,2,1,3,2,1,0,0,127,ストレート,28.5,15.6,ボール,1,2,2,B2
45,2019-04-06,2019040604,日本ハム,西武,加藤 貴之,左,日本ハム,外崎 修汰,右,西武,2,1,3,2,2,1,0,127,スライダー,29.0,91.6,空振り,5,2,22,B16
46,2019-04-06,2019040604,日本ハム,西武,加藤 貴之,左,日本ハム,外崎 修汰,右,西武,2,1,3,2,3,1,1,140,ストレート,72.5,52.0,遊ゴロ,3,4,14,S6
47,2019-04-06,2019040604,日本ハム,西武,加藤 貴之,左,日本ハム,栗山 巧,左,西武,2,1,4,3,1,0,0,131,ストレート,67.5,25.2,見逃し,2,4,9,S3
48,2019-04-06,2019040604,日本ハム,西武,加藤 貴之,左,日本ハム,栗山 巧,左,西武,2,1,4,3,2,0,1,135,ストレート,47.0,27.6,見逃し,2,3,8,S2
49,2019-04-06,2019040604,日本ハム,西武,加藤 貴之,左,日本ハム,栗山 巧,左,西武,2,1,4,3,3,0,2,135,ストレート,35.5,16.0,ボール,1,2,2,B2
50,2019-04-06,2019040604,日本ハム,西武,加藤 貴之,左,日本ハム,栗山 巧,左,西武,2,1,4,3,4,1,2,135,ストレート,72.5,76.0,ファウル,4,4,19,S9
51,2019-04-06,2019040604,日本ハム,西武,加藤 貴之,左,日本ハム,栗山 巧,左,西武,2,1,4,3,5,1,3,115,スライダー,13.5,65.6,ボール,4,1,16,B10
52,2019-04-06,2019040604,日本ハム,西武,加藤 貴之,左,日本ハム,栗山 巧,左,西武,2,1,4,3,6,2,3,136,ストレート,28.0,45.2,見三振,3,2,12,S4
53,2019-04-06,2019040604,日本ハム,西武,今井 達也,右,西武,横尾 俊建,右,日本ハム,2,2,1,1,1,0,0,145,ストレート,54.0,26.4,見逃し,2,3,8,S2
54,2019-04-06,2019040604,日本ハム,西武,今井 達也,右,西武,横尾 俊建,右,日本ハム,2,2,1,1,2,0,1,130,スライダー,94.0,76.0,ボール,4,5,20,B11
55,2019-04-06,2019040604,日本ハム,西武,今井 達也,右,西武,横尾 俊建,右,日本ハム,2,2,1,1,3,1,1,145,ストレート,90.5,49.6,ボール,3,5,15,B9
56,2019-04-06,2019040604,日本ハム,西武,今井 達也,右,西武,横尾 俊建,右,日本ハム,2,2,1,1,4,2,1,128,スライダー,75.5,56.4,見逃し,3,4,14,S6
57,2019-04-06,2019040604,日本ハム,西武,今井 達也,右,西武,横尾 俊建,右,日本ハム,2,2,1,1,5,2,2,146,ストレート,35.0,13.6,ボール,1,2,2,B2
58,2019-04-06,2019040604,日本ハム,西武,今井 達也,右,西武,横尾 俊建,右,日本ハム,2,2,1,1,6,3,2,145,ストレート,76.0,46.0,ファウル,3,4,14,S6
59,2019-04-06,2019040604,日本ハム,西武,今井 達也,右,西武,横尾 俊建,右,日本ハム,2,2,1,1,7,3,3,143,ストレート,76.5,15.6,ファウル,1,4,4,B4
60,2019-04-06,2019040604,日本ハム,西武,今井 達也,右,西武,横尾 俊建,右,日本ハム,2,2,1,1,8,3,4,128,スライダー,45.5,24.0,見三振,2,3,8,S2
61,2019-04-06,2019040604,日本ハム,西武,今井 達也,右,西武,渡邉 諒,右,日本ハム,2,2,2,1,1,0,0,145,ストレート,67.5,50.8,ファウル,3,4,14,S6
62,2019-04-06,2019040604,日本ハム,西武,今井 達也,右,西武,渡邉 諒,右,日本ハム,2,2,2,1,2,0,1,103,カーブ,95.5,91.6,ボール,5,5,25,B19
63,2019-04-06,2019040604,日本ハム,西武,今井 達也,右,西武,渡邉 諒,右,日本ハム,2,2,2,1,3,1,1,132,チェンジアップ,14.5,66.8,ボール,4,1,16,B10
64,2019-04-06,2019040604,日本ハム,西武,今井 達也,右,西武,渡邉 諒,右,日本ハム,2,2,2,1,4,2,1,145,ストレート,67.5,55.6,ファウル,3,4,14,S6
65,2019-04-06,2019040604,日本ハム,西武,今井 達也,右,西武,渡邉 諒,右,日本ハム,2,2,2,1,5,2,2,134,チェンジアップ,76.0,91.6,ボール,5,4,24,B18
66,2019-04-06,2019040604,日本ハム,西武,今井 達也,右,西武,渡邉 諒,右,日本ハム,2,2,2,1,6,3,2,130,スライダー,86.5,75.6,四球,4,5,20,B11
67,2019-04-06,2019040604,日本ハム,西武,今井 達也,右,西武,鶴岡 慎也,右,日本ハム,2,2,3,2,1,0,0,142,ストレート,66.5,48.8,遊ゴロ,3,4,14,S6
68,2019-04-06,2019040604,日本ハム,西武,今井 達也,右,西武,中島 卓也,左,日本ハム,2,2,4,3,1,0,0,139,ストレート,26.5,45.2,見逃し,3,2,12,S4
69,2019-04-06,2019040604,日本ハム,西武,今井 達也,右,西武,中島 卓也,左,日本ハム,2,2,4,3,2,0,1,140,ストレート,14.0,44.0,ボール,3,1,11,B8
70,2019-04-06,2019040604,日本ハム,西武,今井 達也,右,西武,中島 卓也,左,日本ハム,2,2,4,3,3,1,1,126,スライダー,68.5,91.2,空振り,5,4,24,B18
71,2019-04-06,2019040604,日本ハム,西武,今井 達也,右,西武,中島 卓也,左,日本ハム,2,2,4,3,4,1,2,142,ストレート,76.0,25.6,空三振,2,4,9,S3
72,2019-04-06,2019040604,日本ハム,西武,金子 弌大,右,日本ハム,中村 剛也,右,西武,3,1,1,1,1,0,0,135,ストレート,87.0,26.4,ボール,2,5,10,B7
73,2019-04-06,2019040604,日本ハム,西武,金子 弌大,右,日本ハム,中村 剛也,右,西武,3,1,1,1,2,1,0,132,スライダー,92.0,90.8,ボール,5,5,25,B19
74,2019-04-06,2019040604,日本ハム,西武,金子 弌大,右,日本ハム,中村 剛也,右,西武,3,1,1,1,3,2,0,140,シュート,47.0,49.6,見逃し,3,3,13,S5
75,2019-04-06,2019040604,日本ハム,西武,金子 弌大,右,日本ハム,中村 剛也,右,西武,3,1,1,1,4,2,1,140,ストレート,74.5,85.2,空振り,5,4,24,B18
76,2019-04-06,2019040604,日本ハム,西武,金子 弌大,右,日本ハム,中村 剛也,右,西武,3,1,1,1,5,2,2,129,チェンジアップ,88.5,71.6,空三振,4,5,20,B11
77,2019-04-06,2019040604,日本ハム,西武,金子 弌大,右,日本ハム,木村 文紀,右,西武,3,1,2,1,1,0,0,0,スライダー,90.0,71.6,ボール,4,5,20,B11
78,2019-04-06,2019040604,日本ハム,西武,金子 弌大,右,日本ハム,木村 文紀,右,西武,3,1,2,1,2,1,0,128,フォーク,68.5,51.6,ファウル,3,4,14,S6
79,2019-04-06,2019040604,日本ハム,西武,金子 弌大,右,日本ハム,木村 文紀,右,西武,3,1,2,1,3,1,1,0,カットボール,53.5,49.2,左安,3,3,13,S5
80,2019-04-06,2019040604,日本ハム,西武,金子 弌大,右,日本ハム,金子 侑司,左,西武,3,1,3,1,1,0,0,137,ストレート,13.0,50.0,ボール,3,1,11,B8
81,2019-04-06,2019040604,日本ハム,西武,金子 弌大,右,日本ハム,金子 侑司,左,西武,3,1,3,1,2,1,0,136,カットボール,47.0,87.2,ボール,5,3,23,B17
82,2019-04-06,2019040604,日本ハム,西武,金子 弌大,右,日本ハム,金子 侑司,左,西武,3,1,3,1,3,2,0,138,ストレート,67.5,50.0,ファウル,3,4,14,S6
83,2019-04-06,2019040604,日本ハム,西武,金子 弌大,右,日本ハム,金子 侑司,左,西武,3,1,3,1,4,2,1,0,シュート,29.0,53.2,見逃し,3,2,12,S4
84,2019-04-06,2019040604,日本ハム,西武,金子 弌大,右,日本ハム,金子 侑司,左,西武,3,1,3,1,5,2,2,138,ストレート,72.5,85.2,ボール,5,4,24,B18
85,2019-04-06,2019040604,日本ハム,西武,金子 弌大,右,日本ハム,金子 侑司,左,西武,3,1,3,1,6,3,2,127,チェンジアップ,12.5,24.8,四球,2,1,6,B6
86,2019-04-06,2019040604,日本ハム,西武,金子 弌大,右,日本ハム,源田 壮亮,左,西武,3,1,4,1,1,0,0,127,フォーク,51.5,88.8,ボール,5,3,23,B17
87,2019-04-06,2019040604,日本ハム,西武,金子 弌大,右,日本ハム,源田 壮亮,左,西武,3,1,4,1,2,1,0,138,カットボール,76.0,88.4,ボール,5,4,24,B18
88,2019-04-06,2019040604,日本ハム,西武,金子 弌大,右,日本ハム,源田 壮亮,左,西武,3,1,4,1,3,2,0,138,ストレート,66.5,92.0,ボール,5,4,24,B18
89,2019-04-06,2019040604,日本ハム,西武,金子 弌大,右,日本ハム,源田 壮亮,左,西武,3,1,4,1,4,3,0,140,ストレート,91.0,89.2,四球,5,5,25,B19
90,2019-04-06,2019040604,日本ハム,西武,金子 弌大,右,日本ハム,秋山 翔吾,左,西武,3,1,5,1,1,0,0,128,フォーク,15.0,54.8,ボール,3,1,11,B8
91,2019-04-06,2019040604,日本ハム,西武,金子 弌大,右,日本ハム,秋山 翔吾,左,西武,3,1,5,1,2,1,0,143,ストレート,75.5,44.8,ファウル,3,4,14,S6
92,2019-04-06,2019040604,日本ハム,西武,金子 弌大,右,日本ハム,秋山 翔吾,左,西武,3,1,5,1,3,1,1,139,ストレート,75.0,91.6,ボール,5,4,24,B18
93,2019-04-06,2019040604,日本ハム,西武,金子 弌大,右,日本ハム,秋山 翔吾,左,西武,3,1,5,1,4,2,1,124,チェンジアップ,87.0,56.4,ファウル,3,5,15,B9
94,2019-04-06,2019040604,日本ハム,西武,金子 弌大,右,日本ハム,秋山 翔吾,左,西武,3,1,5,1,5,2,2,132,チェンジアップ,88.0,88.8,ファウル,5,5,25,B19
95,2019-04-06,2019040604,日本ハム,西武,金子 弌大,右,日本ハム,秋山 翔吾,左,西武,3,1,5,1,6,2,3,142,シュート,14.5,15.6,ボール,1,1,1,B1
96,2019-04-06,2019040604,日本ハム,西武,金子 弌大,右,日本ハム,秋山 翔吾,左,西武,3,1,5,1,7,3,3,128,チェンジアップ,27.5,51.2,右２,3,2,12,S4
97,2019-04-06,2019040604,日本ハム,西武,金子 弌大,右,日本ハム,山川 穂高,右,西武,3,1,6,2,1,0,0,143,ストレート,55.0,30.0,見逃し,2,3,8,S2
98,2019-04-06,2019040604,日本ハム,西武,金子 弌大,右,日本ハム,山川 穂高,右,西武,3,1,6,2,2,0,1,133,カットボール,67.5,55.6,ファウル,3,4,14,S6
99,2019-04-06,2019040604,日本ハム,西武,金子 弌大,右,日本ハム,山川 穂高,右,西武,3,1,6,2,3,0,2,144,ストレート,90.0,66.0,ボール,4,5,20,B11
100,2019-04-06,2019040604,日本ハム,西武,金子 弌大,右,日本ハム,山川 穂高,右,西武,3,1,6,2,4,1,2,136,ストレート,28.5,25.6,見三振,2,2,7,S1
101,2019-04-06,2019040604,日本ハム,西武,金子 弌大,右,日本ハム,森 友哉,左,西武,3,1,7,2,1,0,0,127,チェンジアップ,68.0,36.0,ファウル,2,4,9,S3
102,2019-04-06,2019040604,日本ハム,西武,金子 弌大,右,日本ハム,森 友哉,左,西武,3,1,7,2,2,0,1,139,ストレート,14.0,25.2,ボール,2,1,6,B6
103,2019-04-06,2019040604,日本ハム,西武,金子 弌大,右,日本ハム,森 友哉,左,西武,3,1,7,2,3,1,1,134,チェンジアップ,54.0,92.4,ボール,5,3,23,B17
104,2019-04-06,2019040604,日本ハム,西武,金子 弌大,右,日本ハム,森 友哉,左,西武,3,1,7,2,4,2,1,144,ストレート,56.5,51.2,ファウル,3,3,13,S5
105,2019-04-06,2019040604,日本ハム,西武,金子 弌大,右,日本ハム,森 友哉,左,西武,3,1,7,2,5,2,2,137,ストレート,11.5,44.0,ボール,3,1,11,B8
106,2019-04-06,2019040604,日本ハム,西武,金子 弌大,右,日本ハム,森 友哉,左,西武,3,1,7,2,6,3,2,133,カットボール,49.0,57.2,左本,3,3,13,S5
107,2019-04-06,2019040604,日本ハム,西武,金子 弌大,右,日本ハム,外崎 修汰,右,西武,3,1,8,3,1,0,0,129,スライダー,90.0,88.0,ボール,5,5,25,B19
108,2019-04-06,2019040604,日本ハム,西武,金子 弌大,右,日本ハム,外崎 修汰,右,西武,3,1,8,3,2,1,0,137,ストレート,75.5,56.8,中飛,3,4,14,S6
109,2019-04-06,2019040604,日本ハム,西武,今井 達也,右,西武,西川 遥輝,左,日本ハム,3,2,1,1,1,0,0,124,スライダー,48.5,50.4,見逃し,3,3,13,S5
110,2019-04-06,2019040604,日本ハム,西武,今井 達也,右,西武,西川 遥輝,左,日本ハム,3,2,1,1,2,0,1,143,ストレート,16.0,44.8,ボール,3,1,11,B8
111,2019-04-06,2019040604,日本ハム,西武,今井 達也,右,西武,西川 遥輝,左,日本ハム,3,2,1,1,3,1,1,144,ストレート,31.5,15.6,ボール,1,2,2,B2
112,2019-04-06,2019040604,日本ハム,西武,今井 達也,右,西武,西川 遥輝,左,日本ハム,3,2,1,1,4,2,1,146,ストレート,45.0,6.8,ボール,1,3,3,B3
113,2019-04-06,2019040604,日本ハム,西武,今井 達也,右,西武,西川 遥輝,左,日本ハム,3,2,1,1,5,3,1,145,ストレート,46.5,26.0,見逃し,2,3,8,S2
114,2019-04-06,2019040604,日本ハム,西武,今井 達也,右,西武,西川 遥輝,左,日本ハム,3,2,1,1,6,3,2,144,ストレート,29.5,84.8,二ゴロ,5,2,22,B16
115,2019-04-06,2019040604,日本ハム,西武,今井 達也,右,西武,大田 泰示,右,日本ハム,3,2,2,2,1,0,0,129,チェンジアップ,34.0,8.4,ボール,1,2,2,B2
116,2019-04-06,2019040604,日本ハム,西武,今井 達也,右,西武,大田 泰示,右,日本ハム,3,2,2,2,2,1,0,130,スライダー,74.5,25.2,左飛,2,4,9,S3
117,2019-04-06,2019040604,日本ハム,西武,今井 達也,右,西武,近藤 健介,左,日本ハム,3,2,3,3,1,0,0,147,ストレート,74.5,24.8,見逃し,2,4,9,S3
118,2019-04-06,2019040604,日本ハム,西武,今井 達也,右,西武,近藤 健介,左,日本ハム,3,2,3,3,2,0,1,138,スライダー,74.5,92.0,ボール,5,4,24,B18
119,2019-04-06,2019040604,日本ハム,西武,今井 達也,右,西武,近藤 健介,左,日本ハム,3,2,3,3,3,1,1,144,ストレート,68.5,36.8,左飛,2,4,9,S3
120,2019-04-06,2019040604,日本ハム,西武,金子 弌大,右,日本ハム,栗山 巧,左,西武,4,1,1,0,1,0,0,124,スライダー,89.5,90.4,ボール,5,5,25,B19
121,2019-04-06,2019040604,日本ハム,西武,金子 弌大,右,日本ハム,栗山 巧,左,西武,4,1,1,0,2,1,0,137,ストレート,48.5,91.2,右安,5,3,23,B17
122,2019-04-06,2019040604,日本ハム,西武,金子 弌大,右,日本ハム,中村 剛也,右,西武,4,1,2,2,1,0,0,135,カットボール,76.5,90.0,空振り,5,4,24,B18
123,2019-04-06,2019040604,日本ハム,西武,金子 弌大,右,日本ハム,中村 剛也,右,西武,4,1,2,2,2,0,1,132,シュート,48.5,74.4,ファウル,4,3,18,S8
124,2019-04-06,2019040604,日本ハム,西武,金子 弌大,右,日本ハム,中村 剛也,右,西武,4,1,2,2,3,0,2,0,ストレート,69.5,16.0,ファウル,1,4,4,B4
125,2019-04-06,2019040604,日本ハム,西武,金子 弌大,右,日本ハム,中村 剛也,右,西武,4,1,2,2,4,0,3,132,フォーク,74.5,26.4,三併打,2,4,9,S3
126,2019-04-06,2019040604,日本ハム,西武,金子 弌大,右,日本ハム,木村 文紀,右,西武,4,1,3,3,1,0,0,102,カーブ,88.5,11.6,ボール,1,5,5,B5
127,2019-04-06,2019040604,日本ハム,西武,金子 弌大,右,日本ハム,木村 文紀,右,西武,4,1,3,3,2,1,0,119,チェンジアップ,71.5,10.8,ボール,1,4,4,B4
128,2019-04-06,2019040604,日本ハム,西武,金子 弌大,右,日本ハム,木村 文紀,右,西武,4,1,3,3,3,2,0,130,カットボール,34.5,28.8,見逃し,2,2,7,S1
129,2019-04-06,2019040604,日本ハム,西武,金子 弌大,右,日本ハム,木村 文紀,右,西武,4,1,3,3,4,2,1,118,チェンジアップ,74.5,29.2,見逃し,2,4,9,S3
130,2019-04-06,2019040604,日本ハム,西武,金子 弌大,右,日本ハム,木村 文紀,右,西武,4,1,3,3,5,2,2,141,ストレート,86.5,50.0,ファウル,3,5,15,B9
131,2019-04-06,2019040604,日本ハム,西武,金子 弌大,右,日本ハム,木村 文紀,右,西武,4,1,3,3,6,2,3,130,チェンジアップ,73.5,50.0,遊ゴロ,3,4,14,S6
132,2019-04-06,2019040604,日本ハム,西武,今井 達也,右,西武,中田 翔,右,日本ハム,4,2,1,1,1,0,0,141,ストレート,73.5,31.6,見逃し,2,4,9,S3
133,2019-04-06,2019040604,日本ハム,西武,今井 達也,右,西武,中田 翔,右,日本ハム,4,2,1,1,2,0,1,121,スライダー,72.0,72.0,空振り,4,4,19,S9
134,2019-04-06,2019040604,日本ハム,西武,今井 達也,右,西武,中田 翔,右,日本ハム,4,2,1,1,3,0,2,143,ストレート,72.0,87.2,ボール,5,4,24,B18
135,2019-04-06,2019040604,日本ハム,西武,今井 達也,右,西武,中田 翔,右,日本ハム,4,2,1,1,4,1,2,143,ストレート,96.5,86.0,ボール,5,5,25,B19
136,2019-04-06,2019040604,日本ハム,西武,今井 達也,右,西武,中田 翔,右,日本ハム,4,2,1,1,5,2,2,105,カーブ,78.0,91.2,ボール,5,4,24,B18
137,2019-04-06,2019040604,日本ハム,西武,今井 達也,右,西武,中田 翔,右,日本ハム,4,2,1,1,6,3,2,132,スライダー,69.5,65.6,右飛,4,4,19,S9
138,2019-04-06,2019040604,日本ハム,西武,今井 達也,右,西武,王 柏融,左,日本ハム,4,2,2,1,1,0,0,131,スライダー,72.0,91.6,ボール,5,4,24,B18
139,2019-04-06,2019040604,日本ハム,西武,今井 達也,右,西武,王 柏融,左,日本ハム,4,2,2,1,2,1,0,146,ストレート,72.5,72.0,見逃し,4,4,19,S9
140,2019-04-06,2019040604,日本ハム,西武,今井 達也,右,西武,王 柏融,左,日本ハム,4,2,2,1,3,1,1,128,スライダー,88.5,92.4,ボール,5,5,25,B19
141,2019-04-06,2019040604,日本ハム,西武,今井 達也,右,西武,王 柏融,左,日本ハム,4,2,2,1,4,2,1,145,ストレート,12.0,10.0,ボール,1,1,1,B1
142,2019-04-06,2019040604,日本ハム,西武,今井 達也,右,西武,王 柏融,左,日本ハム,4,2,2,1,5,3,1,137,チェンジアップ,27.5,50.0,見逃し,3,2,12,S4
143,2019-04-06,2019040604,日本ハム,西武,今井 達也,右,西武,王 柏融,左,日本ハム,4,2,2,1,6,3,2,136,チェンジアップ,33.0,12.4,四球,1,2,2,B2
144,2019-04-06,2019040604,日本ハム,西武,今井 達也,右,西武,横尾 俊建,右,日本ハム,4,2,3,2,1,0,0,100,カーブ,88.5,12.8,ボール,1,5,5,B5
145,2019-04-06,2019040604,日本ハム,西武,今井 達也,右,西武,横尾 俊建,右,日本ハム,4,2,3,2,2,1,0,144,ストレート,46.0,27.2,左飛,2,3,8,S2
146,2019-04-06,2019040604,日本ハム,西武,今井 達也,右,西武,渡邉 諒,右,日本ハム,4,2,4,2,1,0,0,144,ストレート,75.5,14.8,ボール,1,4,4,B4
147,2019-04-06,2019040604,日本ハム,西武,今井 達也,右,西武,渡邉 諒,右,日本ハム,4,2,4,2,2,1,0,127,スライダー,94.0,90.4,ボール,5,5,25,B19
148,2019-04-06,2019040604,日本ハム,西武,今井 達也,右,西武,渡邉 諒,右,日本ハム,4,2,4,2,3,2,0,124,スライダー,49.5,74.8,見逃し,4,3,18,S8
149,2019-04-06,2019040604,日本ハム,西武,今井 達也,右,西武,渡邉 諒,右,日本ハム,4,2,4,2,4,2,1,124,スライダー,54.5,85.2,ボール,5,3,23,B17
150,2019-04-06,2019040604,日本ハム,西武,今井 達也,右,西武,渡邉 諒,右,日本ハム,4,2,4,2,5,3,1,142,ストレート,13.0,13.2,四球,1,1,1,B1
151,2019-04-06,2019040604,日本ハム,西武,今井 達也,右,西武,鶴岡 慎也,右,日本ハム,4,2,5,3,1,0,0,128,スライダー,71.0,92.4,ボール,5,4,24,B18
152,2019-04-06,2019040604,日本ハム,西武,今井 達也,右,西武,鶴岡 慎也,右,日本ハム,4,2,5,3,2,1,0,147,ストレート,54.5,86.0,ファウル,5,3,23,B17
153,2019-04-06,2019040604,日本ハム,西武,今井 達也,右,西武,鶴岡 慎也,右,日本ハム,4,2,5,3,3,1,1,140,ストレート,67.5,12.4,ボール,1,4,4,B4
154,2019-04-06,2019040604,日本ハム,西武,今井 達也,右,西武,鶴岡 慎也,右,日本ハム,4,2,5,3,4,2,1,125,スライダー,68.5,33.2,見逃し,2,4,9,S3
155,2019-04-06,2019040604,日本ハム,西武,今井 達也,右,西武,鶴岡 慎也,右,日本ハム,4,2,5,3,5,2,2,130,スライダー,50.5,71.6,三邪飛,4,3,18,S8
156,2019-04-06,2019040604,日本ハム,西武,西村 天裕,右,日本ハム,金子 侑司,左,西武,5,1,1,0,1,0,0,141,ストレート,7.5,68.4,ボール,4,1,16,B10
157,2019-04-06,2019040604,日本ハム,西武,西村 天裕,右,日本ハム,金子 侑司,左,西武,5,1,1,0,2,1,0,127,スライダー,94.5,48.4,ボール,3,5,15,B9
158,2019-04-06,2019040604,日本ハム,西武,西村 天裕,右,日本ハム,金子 侑司,左,西武,5,1,1,0,3,2,0,142,ストレート,55.0,66.8,見逃し,4,3,18,S8
159,2019-04-06,2019040604,日本ハム,西武,西村 天裕,右,日本ハム,金子 侑司,左,西武,5,1,1,0,4,2,1,144,ストレート,71.5,50.4,ファウル,3,4,14,S6
160,2019-04-06,2019040604,日本ハム,西武,西村 天裕,右,日本ハム,金子 侑司,左,西武,5,1,1,0,5,2,2,129,スライダー,33.0,11.6,ボール,1,2,2,B2
161,2019-04-06,2019040604,日本ハム,西武,西村 天裕,右,日本ハム,金子 侑司,左,西武,5,1,1,0,6,3,2,142,ストレート,73.0,88.8,四球,5,4,24,B18
162,2019-04-06,2019040604,日本ハム,西武,西村 天裕,右,日本ハム,源田 壮亮,左,西武,5,1,2,0,1,0,0,145,ストレート,47.5,45.2,見逃し,3,3,13,S5
163,2019-04-06,2019040604,日本ハム,西武,西村 天裕,右,日本ハム,源田 壮亮,左,西武,5,1,2,0,2,0,1,128,カットボール,55.5,12.0,ボール,1,3,3,B3
164,2019-04-06,2019040604,日本ハム,西武,西村 天裕,右,日本ハム,源田 壮亮,左,西武,5,1,2,0,3,1,1,144,ストレート,54.5,50.4,中２,3,3,13,S5
165,2019-04-06,2019040604,日本ハム,西武,西村 天裕,右,日本ハム,秋山 翔吾,左,西武,5,1,3,1,1,0,0,125,スライダー,74.0,76.0,ファウル,4,4,19,S9
166,2019-04-06,2019040604,日本ハム,西武,西村 天裕,右,日本ハム,秋山 翔吾,左,西武,5,1,3,1,2,0,1,145,ストレート,27.0,69.2,見逃し,4,2,17,S7
167,2019-04-06,2019040604,日本ハム,西武,西村 天裕,右,日本ハム,秋山 翔吾,左,西武,5,1,3,1,3,0,2,134,フォーク,49.5,48.8,右飛,3,3,13,S5
168,2019-04-06,2019040604,日本ハム,西武,西村 天裕,右,日本ハム,山川 穂高,右,西武,5,1,4,1,1,0,0,132,フォーク,49.0,11.6,ボール,1,3,3,B3
169,2019-04-06,2019040604,日本ハム,西武,西村 天裕,右,日本ハム,山川 穂高,右,西武,5,1,4,1,2,1,0,120,スライダー,86.5,91.6,ボール,5,5,25,B19
170,2019-04-06,2019040604,日本ハム,西武,西村 天裕,右,日本ハム,山川 穂高,右,西武,5,1,4,1,3,2,0,123,スライダー,95.5,91.2,ボール,5,5,25,B19
171,2019-04-06,2019040604,日本ハム,西武,西村 天裕,右,日本ハム,山川 穂高,右,西武,5,1,4,1,4,3,0,145,ストレート,89.5,77.2,四球,4,5,20,B11
172,2019-04-06,2019040604,日本ハム,西武,西村 天裕,右,日本ハム,森 友哉,左,西武,5,1,5,1,1,0,0,136,フォーク,47.5,46.0,ファウル,3,3,13,S5
173,2019-04-06,2019040604,日本ハム,西武,西村 天裕,右,日本ハム,森 友哉,左,西武,5,1,5,1,2,0,1,147,ストレート,68.0,49.6,ファウル,3,4,14,S6
174,2019-04-06,2019040604,日本ハム,西武,西村 天裕,右,日本ハム,森 友哉,左,西武,5,1,5,1,3,0,2,145,ストレート,88.5,86.8,ボール,5,5,25,B19
175,2019-04-06,2019040604,日本ハム,西武,西村 天裕,右,日本ハム,森 友哉,左,西武,5,1,5,1,4,1,2,135,カットボール,75.5,90.8,ボール,5,4,24,B18
176,2019-04-06,2019040604,日本ハム,西武,西村 天裕,右,日本ハム,森 友哉,左,西武,5,1,5,1,5,2,2,145,ストレート,34.0,90.8,ボール,5,2,22,B16
177,2019-04-06,2019040604,日本ハム,西武,西村 天裕,右,日本ハム,森 友哉,左,西武,5,1,5,1,6,3,2,135,カットボール,31.5,53.2,右安,3,2,12,S4
178,2019-04-06,2019040604,日本ハム,西武,西村 天裕,右,日本ハム,外崎 修汰,右,西武,5,1,6,1,1,0,0,122,スライダー,68.0,70.4,見逃し,4,4,19,S9
179,2019-04-06,2019040604,日本ハム,西武,西村 天裕,右,日本ハム,外崎 修汰,右,西武,5,1,6,1,2,0,1,146,ストレート,87.0,85.2,ボール,5,5,25,B19
180,2019-04-06,2019040604,日本ハム,西武,西村 天裕,右,日本ハム,外崎 修汰,右,西武,5,1,6,1,3,1,1,145,ストレート,67.5,76.8,ファウル,4,4,19,S9
181,2019-04-06,2019040604,日本ハム,西武,西村 天裕,右,日本ハム,外崎 修汰,右,西武,5,1,6,1,4,1,2,144,ストレート,88.0,71.2,中安,4,5,20,B11
182,2019-04-06,2019040604,日本ハム,西武,西村 天裕,右,日本ハム,栗山 巧,左,西武,5,1,7,1,1,0,0,143,ストレート,33.0,91.2,ボール,5,2,22,B16
183,2019-04-06,2019040604,日本ハム,西武,西村 天裕,右,日本ハム,栗山 巧,左,西武,5,1,7,1,2,1,0,144,ストレート,26.5,31.2,見逃し,2,2,7,S1
184,2019-04-06,2019040604,日本ハム,西武,西村 天裕,右,日本ハム,栗山 巧,左,西武,5,1,7,1,3,1,1,146,ストレート,27.5,12.0,ボール,1,2,2,B2
185,2019-04-06,2019040604,日本ハム,西武,西村 天裕,右,日本ハム,栗山 巧,左,西武,5,1,7,1,4,2,1,123,スライダー,55.5,51.6,見逃し,3,3,13,S5
186,2019-04-06,2019040604,日本ハム,西武,西村 天裕,右,日本ハム,栗山 巧,左,西武,5,1,7,1,5,2,2,144,ストレート,27.5,49.6,ファウル,3,2,12,S4
187,2019-04-06,2019040604,日本ハム,西武,西村 天裕,右,日本ハム,栗山 巧,左,西武,5,1,7,1,6,2,3,140,ストレート,26.5,70.4,ファウル,4,2,17,S7
188,2019-04-06,2019040604,日本ハム,西武,西村 天裕,右,日本ハム,栗山 巧,左,西武,5,1,7,1,7,2,4,145,ストレート,35.0,44.0,中安,3,2,12,S4
189,2019-04-06,2019040604,日本ハム,西武,西村 天裕,右,日本ハム,佐藤 龍世,右,西武,5,1,8,2,1,0,0,121,スライダー,47.0,11.2,ボール,1,3,3,B3
190,2019-04-06,2019040604,日本ハム,西武,西村 天裕,右,日本ハム,佐藤 龍世,右,西武,5,1,8,2,2,1,0,119,スライダー,76.0,25.2,見逃し,2,4,9,S3
191,2019-04-06,2019040604,日本ハム,西武,西村 天裕,右,日本ハム,佐藤 龍世,右,西武,5,1,8,2,3,1,1,121,スライダー,75.0,70.0,二飛,4,4,19,S9
192,2019-04-06,2019040604,日本ハム,西武,西村 天裕,右,日本ハム,木村 文紀,右,西武,5,1,9,2,1,0,0,118,スライダー,54.5,26.4,見逃し,2,3,8,S2
193,2019-04-06,2019040604,日本ハム,西武,西村 天裕,右,日本ハム,木村 文紀,右,西武,5,1,9,2,2,0,1,143,ストレート,94.0,68.0,ボール,4,5,20,B11
194,2019-04-06,2019040604,日本ハム,西武,西村 天裕,右,日本ハム,木村 文紀,右,西武,5,1,9,2,3,1,1,128,フォーク,51.0,92.0,ボール,5,3,23,B17
195,2019-04-06,2019040604,日本ハム,西武,西村 天裕,右,日本ハム,木村 文紀,右,西武,5,1,9,2,4,2,1,119,スライダー,13.0,70.0,ボール,4,1,16,B10
196,2019-04-06,2019040604,日本ハム,西武,西村 天裕,右,日本ハム,木村 文紀,右,西武,5,1,9,2,5,3,1,116,スライダー,51.5,51.6,中安,3,3,13,S5
197,2019-04-06,2019040604,日本ハム,西武,吉田 侑樹,右,日本ハム,金子 侑司,左,西武,5,1,10,2,1,0,0,138,ストレート,29.0,50.0,左２,3,2,12,S4
198,2019-04-06,2019040604,日本ハム,西武,吉田 侑樹,右,日本ハム,源田 壮亮,左,西武,5,1,11,2,1,0,0,112,カーブ,76.5,91.6,ボール,5,4,24,B18
199,2019-04-06,2019040604,日本ハム,西武,吉田 侑樹,右,日本ハム,源田 壮亮,左,西武,5,1,11,2,2,1,0,127,フォーク,35.0,26.4,見逃し,2,2,7,S1
200,2019-04-06,2019040604,日本ハム,西武,吉田 侑樹,右,日本ハム,源田 壮亮,左,西武,5,1,11,2,3,1,1,136,ストレート,27.0,30.8,見逃し,2,2,7,S1
201,2019-04-06,2019040604,日本ハム,西武,吉田 侑樹,右,日本ハム,源田 壮亮,左,西武,5,1,11,2,4,1,2,132,フォーク,49.5,92.8,一安,5,3,23,B17
202,2019-04-06,2019040604,日本ハム,西武,吉田 侑樹,右,日本ハム,秋山 翔吾,左,西武,5,1,12,3,1,0,0,137,ストレート,26.5,65.2,見逃し,4,2,17,S7
203,2019-04-06,2019040604,日本ハム,西武,吉田 侑樹,右,日本ハム,秋山 翔吾,左,西武,5,1,12,3,2,0,1,138,ストレート,51.0,51.2,左飛,3,3,13,S5
204,2019-04-06,2019040604,日本ハム,西武,今井 達也,右,西武,中島 卓也,左,日本ハム,5,2,1,1,1,0,0,139,ストレート,16.0,26.0,ボール,2,1,6,B6
205,2019-04-06,2019040604,日本ハム,西武,今井 達也,右,西武,中島 卓也,左,日本ハム,5,2,1,1,2,1,0,139,ストレート,30.0,56.4,三ゴロ,3,2,12,S4
206,2019-04-06,2019040604,日本ハム,西武,今井 達也,右,西武,西川 遥輝,左,日本ハム,5,2,2,1,1,0,0,102,カーブ,31.5,66.0,見逃し,4,2,17,S7
207,2019-04-06,2019040604,日本ハム,西武,今井 達也,右,西武,西川 遥輝,左,日本ハム,5,2,2,1,2,0,1,127,スライダー,88.0,56.4,ボール,3,5,15,B9
208,2019-04-06,2019040604,日本ハム,西武,今井 達也,右,西武,西川 遥輝,左,日本ハム,5,2,2,1,3,1,1,140,ストレート,72.5,54.0,右本,3,4,14,S6
209,2019-04-06,2019040604,日本ハム,西武,今井 達也,右,西武,大田 泰示,右,日本ハム,5,2,3,2,1,0,0,102,カーブ,13.5,90.4,ボール,5,1,21,B15
210,2019-04-06,2019040604,日本ハム,西武,今井 達也,右,西武,大田 泰示,右,日本ハム,5,2,3,2,2,1,0,141,ストレート,88.0,15.6,右飛,1,5,5,B5
211,2019-04-06,2019040604,日本ハム,西武,今井 達也,右,西武,近藤 健介,左,日本ハム,5,2,4,2,1,0,0,145,ストレート,9.5,70.4,ボール,4,1,16,B10
212,2019-04-06,2019040604,日本ハム,西武,今井 達也,右,西武,近藤 健介,左,日本ハム,5,2,4,2,2,1,0,141,ストレート,74.5,50.8,見逃し,3,4,14,S6
213,2019-04-06,2019040604,日本ハム,西武,今井 達也,右,西武,近藤 健介,左,日本ハム,5,2,4,2,3,1,1,116,カーブ,51.5,13.2,ボール,1,3,3,B3
214,2019-04-06,2019040604,日本ハム,西武,今井 達也,右,西武,近藤 健介,左,日本ハム,5,2,4,2,4,2,1,143,ストレート,26.5,56.4,ファウル,3,2,12,S4
215,2019-04-06,2019040604,日本ハム,西武,今井 達也,右,西武,近藤 健介,左,日本ハム,5,2,4,2,5,2,2,111,カーブ,88.5,90.4,ボール,5,5,25,B19
216,2019-04-06,2019040604,日本ハム,西武,今井 達也,右,西武,近藤 健介,左,日本ハム,5,2,4,2,6,3,2,145,ストレート,68.5,55.6,三失,3,4,14,S6
217,2019-04-06,2019040604,日本ハム,西武,今井 達也,右,西武,中田 翔,右,日本ハム,5,2,5,2,1,0,0,144,ストレート,88.0,54.8,ボール,3,5,15,B9
218,2019-04-06,2019040604,日本ハム,西武,今井 達也,右,西武,中田 翔,右,日本ハム,5,2,5,2,2,1,0,140,ストレート,67.0,27.6,空振り,2,4,9,S3
219,2019-04-06,2019040604,日本ハム,西武,今井 達也,右,西武,中田 翔,右,日本ハム,5,2,5,2,3,1,1,144,ストレート,88.0,44.0,ボール,3,5,15,B9
220,2019-04-06,2019040604,日本ハム,西武,今井 達也,右,西武,中田 翔,右,日本ハム,5,2,5,2,4,2,1,142,ストレート,74.5,44.8,ファウル,3,4,14,S6
221,2019-04-06,2019040604,日本ハム,西武,今井 達也,右,西武,中田 翔,右,日本ハム,5,2,5,2,5,2,2,125,スライダー,88.0,91.6,ファウル,5,5,25,B19
222,2019-04-06,2019040604,日本ハム,西武,今井 達也,右,西武,中田 翔,右,日本ハム,5,2,5,2,6,2,3,146,ストレート,94.0,25.2,ボール,2,5,10,B7
223,2019-04-06,2019040604,日本ハム,西武,今井 達也,右,西武,中田 翔,右,日本ハム,5,2,5,2,7,3,3,141,ストレート,73.5,53.6,右２,3,4,14,S6
224,2019-04-06,2019040604,日本ハム,西武,今井 達也,右,西武,王 柏融,左,日本ハム,5,2,6,2,1,0,0,147,ストレート,72.0,53.6,右２,3,4,14,S6
225,2019-04-06,2019040604,日本ハム,西武,今井 達也,右,西武,横尾 俊建,右,日本ハム,5,2,7,3,1,0,0,100,カーブ,74.0,76.8,見逃し,4,4,19,S9
226,2019-04-06,2019040604,日本ハム,西武,今井 達也,右,西武,横尾 俊建,右,日本ハム,5,2,7,3,2,0,1,108,カーブ,72.0,96.8,ボール,5,4,24,B18
227,2019-04-06,2019040604,日本ハム,西武,今井 達也,右,西武,横尾 俊建,右,日本ハム,5,2,7,3,3,1,1,128,スライダー,67.0,51.6,見逃し,3,4,14,S6
228,2019-04-06,2019040604,日本ハム,西武,今井 達也,右,西武,横尾 俊建,右,日本ハム,5,2,7,3,4,1,2,131,スライダー,90.5,72.4,二ゴロ,4,5,20,B11
229,2019-04-06,2019040604,日本ハム,西武,吉田 侑樹,右,日本ハム,山川 穂高,右,西武,6,1,1,1,1,0,0,146,ストレート,65.5,25.2,見逃し,2,4,9,S3
230,2019-04-06,2019040604,日本ハム,西武,吉田 侑樹,右,日本ハム,山川 穂高,右,西武,6,1,1,1,2,0,1,0,カーブ,51.0,27.2,ファウル,2,3,8,S2
231,2019-04-06,2019040604,日本ハム,西武,吉田 侑樹,右,日本ハム,山川 穂高,右,西武,6,1,1,1,3,0,2,142,ストレート,35.0,46.4,ファウル,3,2,12,S4
232,2019-04-06,2019040604,日本ハム,西武,吉田 侑樹,右,日本ハム,山川 穂高,右,西武,6,1,1,1,4,0,3,132,フォーク,53.5,89.6,ファウル,5,3,23,B17
233,2019-04-06,2019040604,日本ハム,西武,吉田 侑樹,右,日本ハム,山川 穂高,右,西武,6,1,1,1,5,0,4,134,フォーク,72.0,87.2,ボール,5,4,24,B18
234,2019-04-06,2019040604,日本ハム,西武,吉田 侑樹,右,日本ハム,山川 穂高,右,西武,6,1,1,1,6,1,4,134,フォーク,48.0,91.2,空三振,5,3,23,B17
235,2019-04-06,2019040604,日本ハム,西武,吉田 侑樹,右,日本ハム,森 友哉,左,西武,6,1,2,2,1,0,0,140,ストレート,27.0,69.2,見逃し,4,2,17,S7
236,2019-04-06,2019040604,日本ハム,西武,吉田 侑樹,右,日本ハム,森 友哉,左,西武,6,1,2,2,2,0,1,118,カーブ,33.5,29.2,見逃し,2,2,7,S1
237,2019-04-06,2019040604,日本ハム,西武,吉田 侑樹,右,日本ハム,森 友哉,左,西武,6,1,2,2,3,0,2,142,ストレート,11.5,49.6,ボール,3,1,11,B8
238,2019-04-06,2019040604,日本ハム,西武,吉田 侑樹,右,日本ハム,森 友哉,左,西武,6,1,2,2,4,1,2,144,ストレート,26.5,91.6,ボール,5,2,22,B16
239,2019-04-06,2019040604,日本ハム,西武,吉田 侑樹,右,日本ハム,森 友哉,左,西武,6,1,2,2,5,2,2,133,フォーク,54.0,93.2,空三振,5,3,23,B17
240,2019-04-06,2019040604,日本ハム,西武,吉田 侑樹,右,日本ハム,外崎 修汰,右,西武,6,1,3,2,1,0,0,124,スライダー,51.5,87.6,ボール,5,3,23,B17
241,2019-04-06,2019040604,日本ハム,西武,吉田 侑樹,右,日本ハム,外崎 修汰,右,西武,6,1,3,2,2,1,0,131,フォーク,51.5,73.6,空振り,4,3,18,S8
242,2019-04-06,2019040604,日本ハム,西武,吉田 侑樹,右,日本ハム,外崎 修汰,右,西武,6,1,3,2,3,1,1,144,ストレート,10.5,27.2,ボール,2,1,6,B6
243,2019-04-06,2019040604,日本ハム,西武,吉田 侑樹,右,日本ハム,外崎 修汰,右,西武,6,1,3,2,4,2,1,142,ストレート,92.5,73.2,ボール,4,5,20,B11
244,2019-04-06,2019040604,日本ハム,西武,吉田 侑樹,右,日本ハム,外崎 修汰,右,西武,6,1,3,2,5,3,1,145,ストレート,69.0,29.2,右本,2,4,9,S3
245,2019-04-06,2019040604,日本ハム,西武,吉田 侑樹,右,日本ハム,メヒア,右,西武,6,1,4,3,1,0,0,130,フォーク,51.0,95.2,ボール,5,3,23,B17
246,2019-04-06,2019040604,日本ハム,西武,吉田 侑樹,右,日本ハム,メヒア,右,西武,6,1,4,3,2,1,0,135,フォーク,69.5,91.6,ボール,5,4,24,B18
247,2019-04-06,2019040604,日本ハム,西武,吉田 侑樹,右,日本ハム,メヒア,右,西武,6,1,4,3,3,2,0,135,フォーク,76.5,86.4,ボール,5,4,24,B18
248,2019-04-06,2019040604,日本ハム,西武,吉田 侑樹,右,日本ハム,メヒア,右,西武,6,1,4,3,4,3,0,142,ストレート,71.5,30.4,見逃し,2,4,9,S3
249,2019-04-06,2019040604,日本ハム,西武,吉田 侑樹,右,日本ハム,メヒア,右,西武,6,1,4,3,5,3,1,132,フォーク,50.5,54.8,ファウル,3,3,13,S5
250,2019-04-06,2019040604,日本ハム,西武,吉田 侑樹,右,日本ハム,メヒア,右,西武,6,1,4,3,6,3,2,136,フォーク,48.5,87.6,空三振,5,3,23,B17
251,2019-04-06,2019040604,日本ハム,西武,今井 達也,右,西武,渡邉 諒,右,日本ハム,6,2,1,0,1,0,0,143,ストレート,32.0,26.8,ファウル,2,2,7,S1
252,2019-04-06,2019040604,日本ハム,西武,今井 達也,右,西武,渡邉 諒,右,日本ハム,6,2,1,0,2,0,1,146,ストレート,72.5,30.4,見逃し,2,4,9,S3
253,2019-04-06,2019040604,日本ハム,西武,今井 達也,右,西武,渡邉 諒,右,日本ハム,6,2,1,0,3,0,2,145,ストレート,73.5,37.2,ファウル,2,4,9,S3
254,2019-04-06,2019040604,日本ハム,西武,今井 達也,右,西武,渡邉 諒,右,日本ハム,6,2,1,0,4,0,3,149,ストレート,71.5,24.8,右安,2,4,9,S3
255,2019-04-06,2019040604,日本ハム,西武,今井 達也,右,西武,石川 亮,右,日本ハム,6,2,2,1,1,0,0,145,ストレート,73.0,76.4,見逃し,4,4,19,S9
256,2019-04-06,2019040604,日本ハム,西武,今井 達也,右,西武,石川 亮,右,日本ハム,6,2,2,1,2,0,1,145,ストレート,68.0,25.6,ファウル,2,4,9,S3
257,2019-04-06,2019040604,日本ハム,西武,今井 達也,右,西武,石川 亮,右,日本ハム,6,2,2,1,3,0,2,127,スライダー,75.0,70.4,ファウル,4,4,19,S9
258,2019-04-06,2019040604,日本ハム,西武,今井 達也,右,西武,石川 亮,右,日本ハム,6,2,2,1,4,0,3,127,スライダー,88.5,90.4,空三振,5,5,25,B19
259,2019-04-06,2019040604,日本ハム,西武,今井 達也,右,西武,中島 卓也,左,日本ハム,6,2,3,2,1,0,0,121,スライダー,91.0,90.4,ボール,5,5,25,B19
260,2019-04-06,2019040604,日本ハム,西武,今井 達也,右,西武,中島 卓也,左,日本ハム,6,2,3,2,2,1,0,123,スライダー,55.0,56.0,見逃し,3,3,13,S5
261,2019-04-06,2019040604,日本ハム,西武,今井 達也,右,西武,中島 卓也,左,日本ハム,6,2,3,2,3,1,1,125,スライダー,70.5,34.4,左飛,2,4,9,S3
262,2019-04-06,2019040604,日本ハム,西武,今井 達也,右,西武,西川 遥輝,左,日本ハム,6,2,4,3,1,0,0,141,ストレート,37.0,28.0,空振り,2,2,7,S1
263,2019-04-06,2019040604,日本ハム,西武,今井 達也,右,西武,西川 遥輝,左,日本ハム,6,2,4,3,2,0,1,143,ストレート,54.0,50.4,ファウル,3,3,13,S5
264,2019-04-06,2019040604,日本ハム,西武,今井 達也,右,西武,西川 遥輝,左,日本ハム,6,2,4,3,3,0,2,143,ストレート,75.5,26.4,ファウル,2,4,9,S3
265,2019-04-06,2019040604,日本ハム,西武,今井 達也,右,西武,西川 遥輝,左,日本ハム,6,2,4,3,4,0,3,135,チェンジアップ,14.0,44.0,ボール,3,1,11,B8
266,2019-04-06,2019040604,日本ハム,西武,今井 達也,右,西武,西川 遥輝,左,日本ハム,6,2,4,3,5,1,3,126,スライダー,12.0,50.8,ボール,3,1,11,B8
267,2019-04-06,2019040604,日本ハム,西武,今井 達也,右,西武,西川 遥輝,左,日本ハム,6,2,4,3,6,2,3,146,ストレート,27.5,75.6,見三振,4,2,17,S7
268,2019-04-06,2019040604,日本ハム,西武,吉田 侑樹,右,日本ハム,佐藤 龍世,右,西武,7,1,1,0,1,0,0,141,ストレート,69.5,28.0,三安,2,4,9,S3
269,2019-04-06,2019040604,日本ハム,西武,吉田 侑樹,右,日本ハム,木村 文紀,右,西武,7,1,2,0,1,0,0,0,スライダー,32.5,47.2,見逃し,3,2,12,S4
270,2019-04-06,2019040604,日本ハム,西武,吉田 侑樹,右,日本ハム,木村 文紀,右,西武,7,1,2,0,2,0,1,140,ストレート,68.0,48.4,見逃し,3,4,14,S6
271,2019-04-06,2019040604,日本ハム,西武,吉田 侑樹,右,日本ハム,木村 文紀,右,西武,7,1,2,0,3,0,2,132,フォーク,48.0,90.0,右２,5,3,23,B17
272,2019-04-06,2019040604,日本ハム,西武,吉田 侑樹,右,日本ハム,金子 侑司,左,西武,7,1,3,1,1,0,0,130,フォーク,26.5,75.6,見逃し,4,2,17,S7
273,2019-04-06,2019040604,日本ハム,西武,吉田 侑樹,右,日本ハム,金子 侑司,左,西武,7,1,3,1,2,0,1,141,ストレート,34.5,15.2,空振り,1,2,2,B2
274,2019-04-06,2019040604,日本ハム,西武,吉田 侑樹,右,日本ハム,金子 侑司,左,西武,7,1,3,1,3,0,2,137,ストレート,16.5,51.6,ボール,3,1,11,B8
275,2019-04-06,2019040604,日本ハム,西武,吉田 侑樹,右,日本ハム,金子 侑司,左,西武,7,1,3,1,4,1,2,133,フォーク,53.0,91.6,ファウル,5,3,23,B17
276,2019-04-06,2019040604,日本ハム,西武,吉田 侑樹,右,日本ハム,金子 侑司,左,西武,7,1,3,1,5,1,3,132,フォーク,31.5,87.6,左飛,5,2,22,B16
277,2019-04-06,2019040604,日本ハム,西武,吉田 侑樹,右,日本ハム,源田 壮亮,左,西武,7,1,4,2,1,0,0,121,スライダー,14.0,14.8,ボール,1,1,1,B1
278,2019-04-06,2019040604,日本ハム,西武,吉田 侑樹,右,日本ハム,源田 壮亮,左,西武,7,1,4,2,2,1,0,138,ストレート,53.0,52.4,ファウル,3,3,13,S5
279,2019-04-06,2019040604,日本ハム,西武,吉田 侑樹,右,日本ハム,源田 壮亮,左,西武,7,1,4,2,3,1,1,0,ストレート,27.0,70.8,見逃し,4,2,17,S7
280,2019-04-06,2019040604,日本ハム,西武,吉田 侑樹,右,日本ハム,源田 壮亮,左,西武,7,1,4,2,4,1,2,141,ストレート,14.5,84.8,ボール,5,1,21,B15
281,2019-04-06,2019040604,日本ハム,西武,吉田 侑樹,右,日本ハム,源田 壮亮,左,西武,7,1,4,2,5,2,2,130,フォーク,74.5,92.4,ボール,5,4,24,B18
282,2019-04-06,2019040604,日本ハム,西武,吉田 侑樹,右,日本ハム,源田 壮亮,左,西武,7,1,4,2,6,3,2,128,フォーク,75.5,84.8,空三振,5,4,24,B18
283,2019-04-06,2019040604,日本ハム,西武,吉田 侑樹,右,日本ハム,秋山 翔吾,左,西武,7,1,5,2,1,0,0,134,フォーク,51.5,92.0,ボール,5,3,23,B17
284,2019-04-06,2019040604,日本ハム,西武,吉田 侑樹,右,日本ハム,秋山 翔吾,左,西武,7,1,5,2,2,1,0,129,フォーク,54.5,78.0,空振り,4,3,18,S8
285,2019-04-06,2019040604,日本ハム,西武,吉田 侑樹,右,日本ハム,秋山 翔吾,左,西武,7,1,5,2,3,1,1,133,フォーク,54.5,87.6,ボール,5,3,23,B17
286,2019-04-06,2019040604,日本ハム,西武,吉田 侑樹,右,日本ハム,秋山 翔吾,左,西武,7,1,5,2,4,2,1,132,フォーク,76.5,91.6,ボール,5,4,24,B18
287,2019-04-06,2019040604,日本ハム,西武,吉田 侑樹,右,日本ハム,秋山 翔吾,左,西武,7,1,5,2,5,3,1,134,フォーク,67.0,92.8,四球,5,4,24,B18
288,2019-04-06,2019040604,日本ハム,西武,吉田 侑樹,右,日本ハム,山川 穂高,右,西武,7,1,6,3,1,0,0,130,フォーク,75.5,92.8,ボール,5,4,24,B18
289,2019-04-06,2019040604,日本ハム,西武,吉田 侑樹,右,日本ハム,山川 穂高,右,西武,7,1,6,3,2,1,0,142,ストレート,75.5,76.8,見逃し,4,4,19,S9
290,2019-04-06,2019040604,日本ハム,西武,吉田 侑樹,右,日本ハム,山川 穂高,右,西武,7,1,6,3,3,1,1,125,スライダー,90.5,91.6,ボール,5,5,25,B19
291,2019-04-06,2019040604,日本ハム,西武,吉田 侑樹,右,日本ハム,山川 穂高,右,西武,7,1,6,3,4,2,1,131,フォーク,66.5,76.8,一ゴロ,4,4,19,S9
292,2019-04-06,2019040604,日本ハム,西武,今井 達也,右,西武,大田 泰示,右,日本ハム,7,2,1,1,1,0,0,139,ストレート,66.5,45.6,二飛,3,4,14,S6
293,2019-04-06,2019040604,日本ハム,西武,今井 達也,右,西武,近藤 健介,左,日本ハム,7,2,2,2,1,0,0,142,ストレート,47.5,50.8,見逃し,3,3,13,S5
294,2019-04-06,2019040604,日本ハム,西武,今井 達也,右,西武,近藤 健介,左,日本ハム,7,2,2,2,2,0,1,137,チェンジアップ,54.5,71.6,見逃し,4,3,18,S8
295,2019-04-06,2019040604,日本ハム,西武,今井 達也,右,西武,近藤 健介,左,日本ハム,7,2,2,2,3,0,2,135,チェンジアップ,55.0,92.4,ファウル,5,3,23,B17
296,2019-04-06,2019040604,日本ハム,西武,今井 達也,右,西武,近藤 健介,左,日本ハム,7,2,2,2,4,0,3,122,スライダー,14.0,30.4,ボール,2,1,6,B6
297,2019-04-06,2019040604,日本ハム,西武,今井 達也,右,西武,近藤 健介,左,日本ハム,7,2,2,2,5,1,3,135,チェンジアップ,46.5,77.2,ファウル,4,3,18,S8
298,2019-04-06,2019040604,日本ハム,西武,今井 達也,右,西武,近藤 健介,左,日本ハム,7,2,2,2,6,1,4,141,ストレート,8.5,49.2,ボール,3,1,11,B8
299,2019-04-06,2019040604,日本ハム,西武,今井 達也,右,西武,近藤 健介,左,日本ハム,7,2,2,2,7,2,4,143,ストレート,27.0,50.8,ファウル,3,2,12,S4
300,2019-04-06,2019040604,日本ハム,西武,今井 達也,右,西武,近藤 健介,左,日本ハム,7,2,2,2,8,2,5,128,スライダー,55.5,47.2,中飛,3,3,13,S5
301,2019-04-06,2019040604,日本ハム,西武,今井 達也,右,西武,中田 翔,右,日本ハム,7,2,3,3,1,0,0,108,カーブ,74.5,76.4,空振り,4,4,19,S9
302,2019-04-06,2019040604,日本ハム,西武,今井 達也,右,西武,中田 翔,右,日本ハム,7,2,3,3,2,0,1,133,チェンジアップ,94.0,77.2,ボール,4,5,20,B11
303,2019-04-06,2019040604,日本ハム,西武,今井 達也,右,西武,中田 翔,右,日本ハム,7,2,3,3,3,1,1,128,スライダー,75.5,92.4,空振り,5,4,24,B18
304,2019-04-06,2019040604,日本ハム,西武,今井 達也,右,西武,中田 翔,右,日本ハム,7,2,3,3,4,1,2,114,カーブ,94.5,84.8,ボール,5,5,25,B19
305,2019-04-06,2019040604,日本ハム,西武,今井 達也,右,西武,中田 翔,右,日本ハム,7,2,3,3,5,2,2,110,カーブ,74.0,86.4,空三振,5,4,24,B18
306,2019-04-06,2019040604,日本ハム,西武,吉田 侑樹,右,日本ハム,森 友哉,左,西武,8,1,1,0,1,0,0,0,ストレート,53.0,52.8,左２,3,3,13,S5
307,2019-04-06,2019040604,日本ハム,西武,吉田 侑樹,右,日本ハム,外崎 修汰,右,西武,8,1,2,0,1,0,0,139,ストレート,28.5,65.6,ファウル,4,2,17,S7
308,2019-04-06,2019040604,日本ハム,西武,吉田 侑樹,右,日本ハム,外崎 修汰,右,西武,8,1,2,0,2,0,1,135,ストレート,29.0,91.6,ボール,5,2,22,B16
309,2019-04-06,2019040604,日本ハム,西武,吉田 侑樹,右,日本ハム,外崎 修汰,右,西武,8,1,2,0,3,1,1,139,ストレート,46.5,46.4,ファウル,3,3,13,S5
310,2019-04-06,2019040604,日本ハム,西武,吉田 侑樹,右,日本ハム,外崎 修汰,右,西武,8,1,2,0,4,1,2,137,ストレート,73.5,73.2,二安,4,4,19,S9
311,2019-04-06,2019040604,日本ハム,西武,吉田 侑樹,右,日本ハム,メヒア,右,西武,8,1,3,0,1,0,0,130,フォーク,48.5,72.4,左本,4,3,18,S8
312,2019-04-06,2019040604,日本ハム,西武,吉田 侑樹,右,日本ハム,佐藤 龍世,右,西武,8,1,4,1,1,0,0,126,フォーク,68.5,84.0,空振り,5,4,24,B18
313,2019-04-06,2019040604,日本ハム,西武,吉田 侑樹,右,日本ハム,佐藤 龍世,右,西武,8,1,4,1,2,0,1,118,スライダー,89.0,88.4,ボール,5,5,25,B19
314,2019-04-06,2019040604,日本ハム,西武,吉田 侑樹,右,日本ハム,佐藤 龍世,右,西武,8,1,4,1,3,1,1,132,フォーク,74.5,89.2,ファウル,5,4,24,B18
315,2019-04-06,2019040604,日本ハム,西武,吉田 侑樹,右,日本ハム,佐藤 龍世,右,西武,8,1,4,1,4,1,2,134,フォーク,66.5,92.8,ボール,5,4,24,B18
316,2019-04-06,2019040604,日本ハム,西武,吉田 侑樹,右,日本ハム,佐藤 龍世,右,西武,8,1,4,1,5,2,2,131,フォーク,52.0,16.8,ボール,1,3,3,B3
317,2019-04-06,2019040604,日本ハム,西武,吉田 侑樹,右,日本ハム,佐藤 龍世,右,西武,8,1,4,1,6,3,2,141,ストレート,76.0,75.6,見三振,4,4,19,S9
318,2019-04-06,2019040604,日本ハム,西武,吉田 侑樹,右,日本ハム,戸川 大輔,左,西武,8,1,5,2,1,0,0,132,フォーク,53.5,70.4,二ゴロ,4,3,18,S8
319,2019-04-06,2019040604,日本ハム,西武,吉田 侑樹,右,日本ハム,熊代 聖人,右,西武,8,1,6,3,1,0,0,142,ストレート,72.5,45.6,右飛,3,4,14,S6
320,2019-04-06,2019040604,日本ハム,西武,齊藤 大将,左,西武,王 柏融,左,日本ハム,8,2,1,0,1,0,0,0,スライダー,14.5,47.6,ボール,3,1,11,B8
321,2019-04-06,2019040604,日本ハム,西武,齊藤 大将,左,西武,王 柏融,左,日本ハム,8,2,1,0,2,1,0,134,ストレート,11.5,89.2,ボール,5,1,21,B15
322,2019-04-06,2019040604,日本ハム,西武,齊藤 大将,左,西武,王 柏融,左,日本ハム,8,2,1,0,3,2,0,124,スライダー,14.5,57.2,ボール,3,1,11,B8
323,2019-04-06,2019040604,日本ハム,西武,齊藤 大将,左,西武,王 柏融,左,日本ハム,8,2,1,0,4,3,0,136,ストレート,26.0,70.8,見逃し,4,2,17,S7
324,2019-04-06,2019040604,日本ハム,西武,齊藤 大将,左,西武,王 柏融,左,日本ハム,8,2,1,0,5,3,1,132,ストレート,50.5,70.8,右安,4,3,18,S8
325,2019-04-06,2019040604,日本ハム,西武,齊藤 大将,左,西武,横尾 俊建,右,日本ハム,8,2,2,1,1,0,0,125,スライダー,66.5,49.6,ファウル,3,4,14,S6
326,2019-04-06,2019040604,日本ハム,西武,齊藤 大将,左,西武,横尾 俊建,右,日本ハム,8,2,2,1,2,0,1,133,ストレート,14.5,26.4,ボール,2,1,6,B6
327,2019-04-06,2019040604,日本ハム,西武,齊藤 大将,左,西武,横尾 俊建,右,日本ハム,8,2,2,1,3,1,1,126,スライダー,48.5,87.6,右飛,5,3,23,B17
328,2019-04-06,2019040604,日本ハム,西武,齊藤 大将,左,西武,渡邉 諒,右,日本ハム,8,2,3,1,1,0,0,135,ストレート,93.5,67.6,ボール,4,5,20,B11
329,2019-04-06,2019040604,日本ハム,西武,齊藤 大将,左,西武,渡邉 諒,右,日本ハム,8,2,3,1,2,1,0,125,スライダー,15.5,70.4,空振り,4,1,16,B10
330,2019-04-06,2019040604,日本ハム,西武,齊藤 大将,左,西武,渡邉 諒,右,日本ハム,8,2,3,1,3,1,1,125,スライダー,45.5,90.4,ボール,5,3,23,B17
331,2019-04-06,2019040604,日本ハム,西武,齊藤 大将,左,西武,渡邉 諒,右,日本ハム,8,2,3,1,4,2,1,133,ストレート,33.0,90.0,ボール,5,2,22,B16
332,2019-04-06,2019040604,日本ハム,西武,齊藤 大将,左,西武,渡邉 諒,右,日本ハム,8,2,3,1,5,3,1,134,ストレート,27.0,51.2,見逃し,3,2,12,S4
333,2019-04-06,2019040604,日本ハム,西武,齊藤 大将,左,西武,渡邉 諒,右,日本ハム,8,2,3,1,6,3,2,131,ストレート,10.5,87.2,四球,5,1,21,B15
334,2019-04-06,2019040604,日本ハム,西武,齊藤 大将,左,西武,石川 亮,右,日本ハム,8,2,4,2,1,0,0,126,スライダー,34.0,75.6,見逃し,4,2,17,S7
335,2019-04-06,2019040604,日本ハム,西武,齊藤 大将,左,西武,石川 亮,右,日本ハム,8,2,4,2,2,0,1,126,スライダー,30.0,86.0,遊ゴロ,5,2,22,B16
336,2019-04-06,2019040604,日本ハム,西武,齊藤 大将,左,西武,谷内 亮太,右,日本ハム,8,2,5,3,1,0,0,126,スライダー,36.5,50.4,見逃し,3,2,12,S4
337,2019-04-06,2019040604,日本ハム,西武,齊藤 大将,左,西武,谷内 亮太,右,日本ハム,8,2,5,3,2,0,1,130,スライダー,93.5,66.4,ボール,4,5,20,B11
338,2019-04-06,2019040604,日本ハム,西武,齊藤 大将,左,西武,谷内 亮太,右,日本ハム,8,2,5,3,3,1,1,124,スライダー,28.0,91.6,空振り,5,2,22,B16
339,2019-04-06,2019040604,日本ハム,西武,齊藤 大将,左,西武,谷内 亮太,右,日本ハム,8,2,5,3,4,1,2,133,ストレート,26.5,55.2,見三振,3,2,12,S4
340,2019-04-06,2019040604,日本ハム,西武,堀 瑞輝,左,日本ハム,源田 壮亮,左,西武,9,1,1,1,1,0,0,139,ストレート,12.0,45.6,ボール,3,1,11,B8
341,2019-04-06,2019040604,日本ハム,西武,堀 瑞輝,左,日本ハム,源田 壮亮,左,西武,9,1,1,1,2,1,0,135,ストレート,31.5,48.0,見逃し,3,2,12,S4
342,2019-04-06,2019040604,日本ハム,西武,堀 瑞輝,左,日本ハム,源田 壮亮,左,西武,9,1,1,1,3,1,1,0,スライダー,25.5,88.8,ボール,5,2,22,B16
343,2019-04-06,2019040604,日本ハム,西武,堀 瑞輝,左,日本ハム,源田 壮亮,左,西武,9,1,1,1,4,2,1,123,スライダー,9.5,28.4,ボール,2,1,6,B6
344,2019-04-06,2019040604,日本ハム,西武,堀 瑞輝,左,日本ハム,源田 壮亮,左,西武,9,1,1,1,5,3,1,124,スライダー,35.0,55.6,ファウル,3,2,12,S4
345,2019-04-06,2019040604,日本ハム,西武,堀 瑞輝,左,日本ハム,源田 壮亮,左,西武,9,1,1,1,6,3,2,139,ストレート,57.5,12.4,空三振,1,3,3,B3
346,2019-04-06,2019040604,日本ハム,西武,堀 瑞輝,左,日本ハム,秋山 翔吾,左,西武,9,1,2,2,1,0,0,138,ストレート,29.0,71.6,見逃し,4,2,17,S7
347,2019-04-06,2019040604,日本ハム,西武,堀 瑞輝,左,日本ハム,秋山 翔吾,左,西武,9,1,2,2,2,0,1,139,ストレート,16.5,54.8,ボール,3,1,11,B8
348,2019-04-06,2019040604,日本ハム,西武,堀 瑞輝,左,日本ハム,秋山 翔吾,左,西武,9,1,2,2,3,1,1,138,ストレート,9.5,30.8,ボール,2,1,6,B6
349,2019-04-06,2019040604,日本ハム,西武,堀 瑞輝,左,日本ハム,秋山 翔吾,左,西武,9,1,2,2,4,2,1,124,スライダー,53.0,54.0,見逃し,3,3,13,S5
350,2019-04-06,2019040604,日本ハム,西武,堀 瑞輝,左,日本ハム,秋山 翔吾,左,西武,9,1,2,2,5,2,2,141,ストレート,51.0,23.6,空三振,2,3,8,S2
351,2019-04-06,2019040604,日本ハム,西武,堀 瑞輝,左,日本ハム,山川 穂高,右,西武,9,1,3,3,1,0,0,134,ストレート,34.5,90.8,ボール,5,2,22,B16
352,2019-04-06,2019040604,日本ハム,西武,堀 瑞輝,左,日本ハム,山川 穂高,右,西武,9,1,3,3,2,1,0,140,ストレート,47.0,77.6,見逃し,4,3,18,S8
353,2019-04-06,2019040604,日本ハム,西武,堀 瑞輝,左,日本ハム,山川 穂高,右,西武,9,1,3,3,3,1,1,138,ストレート,16.5,50.4,ファウル,3,1,11,B8
354,2019-04-06,2019040604,日本ハム,西武,堀 瑞輝,左,日本ハム,山川 穂高,右,西武,9,1,3,3,4,1,2,131,チェンジアップ,92.5,26.0,ボール,2,5,10,B7
355,2019-04-06,2019040604,日本ハム,西武,堀 瑞輝,左,日本ハム,山川 穂高,右,西武,9,1,3,3,5,2,2,140,ストレート,29.5,33.2,二ゴロ,2,2,7,S1
356,2019-04-06,2019040604,日本ハム,西武,廖 任磊,右,西武,西川 遥輝,左,日本ハム,9,2,1,1,1,0,0,142,ストレート,46.5,31.6,見逃し,2,3,8,S2
357,2019-04-06,2019040604,日本ハム,西武,廖 任磊,右,西武,西川 遥輝,左,日本ハム,9,2,1,1,2,0,1,123,チェンジアップ,29.5,66.4,見逃し,4,2,17,S7
358,2019-04-06,2019040604,日本ハム,西武,廖 任磊,右,西武,西川 遥輝,左,日本ハム,9,2,1,1,3,0,2,142,ストレート,72.5,17.6,ファウル,1,4,4,B4
359,2019-04-06,2019040604,日本ハム,西武,廖 任磊,右,西武,西川 遥輝,左,日本ハム,9,2,1,1,4,0,3,141,ストレート,13.5,26.4,ボール,2,1,6,B6
360,2019-04-06,2019040604,日本ハム,西武,廖 任磊,右,西武,西川 遥輝,左,日本ハム,9,2,1,1,5,1,3,144,ストレート,14.0,32.4,ボール,2,1,6,B6
361,2019-04-06,2019040604,日本ハム,西武,廖 任磊,右,西武,西川 遥輝,左,日本ハム,9,2,1,1,6,2,3,122,チェンジアップ,29.0,36.0,見三振,2,2,7,S1
362,2019-04-06,2019040604,日本ハム,西武,廖 任磊,右,西武,大田 泰示,右,日本ハム,9,2,2,1,1,0,0,111,カーブ,54.5,76.8,見逃し,4,3,18,S8
363,2019-04-06,2019040604,日本ハム,西武,廖 任磊,右,西武,大田 泰示,右,日本ハム,9,2,2,1,2,0,1,123,スライダー,88.0,92.4,ボール,5,5,25,B19
364,2019-04-06,2019040604,日本ハム,西武,廖 任磊,右,西武,大田 泰示,右,日本ハム,9,2,2,1,3,1,1,122,チェンジアップ,17.0,11.6,ボール,1,1,1,B1
365,2019-04-06,2019040604,日本ハム,西武,廖 任磊,右,西武,大田 泰示,右,日本ハム,9,2,2,1,4,2,1,129,チェンジアップ,49.5,88.8,空振り,5,3,23,B17
366,2019-04-06,2019040604,日本ハム,西武,廖 任磊,右,西武,大田 泰示,右,日本ハム,9,2,2,1,5,2,2,141,ストレート,74.0,34.4,右安,2,4,9,S3
367,2019-04-06,2019040604,日本ハム,西武,廖 任磊,右,西武,淺間 大基,左,日本ハム,9,2,3,2,1,0,0,145,ストレート,35.5,51.2,左飛,3,2,12,S4
368,2019-04-06,2019040604,日本ハム,西武,廖 任磊,右,西武,中田 翔,右,日本ハム,9,2,4,2,1,0,0,127,チェンジアップ,78.0,91.6,ボール,5,4,24,B18
369,2019-04-06,2019040604,日本ハム,西武,廖 任磊,右,西武,中田 翔,右,日本ハム,9,2,4,2,2,1,0,127,チェンジアップ,54.5,91.2,空振り,5,3,23,B17
370,2019-04-06,2019040604,日本ハム,西武,廖 任磊,右,西武,中田 翔,右,日本ハム,9,2,4,2,3,1,1,139,ストレート,46.5,93.2,ボール,5,3,23,B17
371,2019-04-06,2019040604,日本ハム,西武,廖 任磊,右,西武,中田 翔,右,日本ハム,9,2,4,2,4,2,1,125,スライダー,67.0,74.4,ファウル,4,4,19,S9
372,2019-04-06,2019040604,日本ハム,西武,廖 任磊,右,西武,中田 翔,右,日本ハム,9,2,4,2,5,2,2,114,カーブ,68.0,93.2,ボール,5,4,24,B18
373,2019-04-06,2019040604,日本ハム,西武,廖 任磊,右,西武,中田 翔,右,日本ハム,9,2,4,2,6,3,2,0,スライダー,52.0,52.0,左安,3,3,13,S5
374,2019-04-06,2019040604,日本ハム,西武,廖 任磊,右,西武,王 柏融,左,日本ハム,9,2,5,3,1,0,0,142,ストレート,54.0,57.2,見逃し,3,3,13,S5
375,2019-04-06,2019040604,日本ハム,西武,廖 任磊,右,西武,王 柏融,左,日本ハム,9,2,5,3,2,0,1,138,ストレート,15.0,25.2,ボール,2,1,6,B6
376,2019-04-06,2019040604,日本ハム,西武,廖 任磊,右,西武,王 柏融,左,日本ハム,9,2,5,3,3,1,1,123,スライダー,9.0,7.6,ボール,1,1,1,B1
377,2019-04-06,2019040604,日本ハム,西武,廖 任磊,右,西武,王 柏融,左,日本ハム,9,2,5,3,4,2,1,121,チェンジアップ,14.0,50.8,ボール,3,1,11,B8
378,2019-04-06,2019040604,日本ハム,西武,廖 任磊,右,西武,王 柏融,左,日本ハム,9,2,5,3,5,3,1,138,ストレート,46.5,28.0,ファウル,2,3,8,S2
379,2019-04-06,2019040604,日本ハム,西武,廖 任磊,右,西武,王 柏融,左,日本ハム,9,2,5,3,6,3,2,123,スライダー,74.5,66.4,ゴロ,4,4,19,S9
